symbol,price,volatility,weight,daily_trades
AAPL,230,0.25,40,900000
MSFT,420,0.22,28,450000
NVDA,135,0.50,50,1500000
GOOGL,175,0.28,20,380000
AMZN,190,0.30,25,600000
META,560,0.35,16,450000
TSLA,250,0.55,45,1300000
AVGO,170,0.42,12,300000
ORCL,170,0.30,6,120000
ADBE,500,0.32,4,70000
CRM,300,0.30,5,90000
NFLX,700,0.35,5,150000
AMD,150,0.50,22,700000
INTC,24,0.40,14,400000
CSCO,55,0.22,5,60000
QCOM,170,0.35,5,100000
TXN,190,0.28,3,50000
MU,100,0.50,8,350000
AMAT,190,0.40,4,100000
LRCX,80,0.45,3,80000
PLTR,60,0.60,18,650000
UBER,75,0.38,6,140000
SHOP,80,0.55,4,100000
PYPL,75,0.38,5,110000
NOW,900,0.35,2,50000
SNOW,130,0.55,3,70000
PANW,350,0.38,2,70000
IBM,220,0.24,3,60000
JPM,210,0.20,8,160000
BAC,42,0.24,9,200000
WFC,60,0.25,6,120000
GS,500,0.26,3,70000
MS,110,0.26,4,90000
C,65,0.28,6,130000
V,280,0.19,5,100000
MA,500,0.20,3,80000
AXP,250,0.24,2,60000
BLK,900,0.23,1,40000
SCHW,75,0.28,3,80000
COF,160,0.30,2,60000
UNH,560,0.24,4,130000
JNJ,160,0.18,5,90000
LLY,900,0.30,5,160000
PFE,28,0.22,8,150000
MRK,105,0.22,5,90000
ABBV,180,0.24,4,90000
TMO,550,0.25,1.5,50000
ABT,115,0.20,3,60000
BMY,52,0.24,4,80000
AMGN,320,0.24,2,50000
GILD,85,0.24,3,60000
MRNA,40,0.60,5,150000
CVS,55,0.28,3,80000
WMT,85,0.18,6,130000
COST,900,0.20,3,90000
HD,400,0.22,3,90000
MCD,300,0.18,3,60000
NKE,80,0.30,4,90000
SBUX,95,0.26,4,90000
KO,68,0.18,6,80000
PEP,155,0.18,3,60000
PG,170,0.18,4,80000
DIS,95,0.28,6,120000
TGT,140,0.28,3,80000
LOW,240,0.24,2,60000
BKNG,4200,0.28,1,40000
ABNB,130,0.40,3,80000
F,11,0.35,10,150000
GM,50,0.32,5,90000
RIVN,12,0.60,9,200000
LCID,3,0.60,6,150000
XOM,115,0.24,8,120000
CVX,155,0.22,5,90000
COP,110,0.28,3,70000
OXY,50,0.32,4,80000
SLB,42,0.32,3,70000
BA,170,0.35,6,160000
CAT,350,0.26,2,70000
GE,180,0.28,4,90000
UPS,135,0.24,3,70000
LMT,540,0.20,1.5,40000
RTX,120,0.22,2,50000
T,22,0.20,8,100000
VZ,42,0.18,6,90000
CMCSA,42,0.24,4,80000
SOFI,14,0.60,12,200000
COIN,250,0.60,7,250000
HOOD,40,0.60,6,220000
GME,25,0.60,3,150000
AMC,4,0.60,5,130000
NIO,5,0.60,6,150000
SPY,570,0.14,50,1200000
QQQ,490,0.18,40,900000
IWM,220,0.20,20,400000
DIA,420,0.14,8,100000
XLK,230,0.20,4,80000
XLF,48,0.16,6,100000
XLE,92,0.20,4,100000
XLV,145,0.14,2,60000
XLY,215,0.18,1.5,60000
VTI,285,0.15,3,60000
VOO,525,0.14,4,120000
GLD,245,0.14,8,150000
TLT,90,0.15,10,200000
EEM,44,0.17,7,100000
